state,fyDeclared,incidentType,incidentCount
AK,1954,Other,1
AK,1955,Other,1
AK,1956,Other,1
AK,1964,Earthquake,1
AK,1967,Flood,1
AK,1970,Fire,1
AK,1970,Severe Storm(s),1
AK,1971,Fire,2
AK,1973,Fire,1
AK,1974,Flood,1
AK,1974,Freezing,2
AK,1974,Other,1
AK,1975,Flood,1
AK,1976,Fire,1
AK,1987,Flood,6
AK,1988,Fire,1
AK,1989,Flood,3
AK,1989,Freezing,12
AK,1990,Fire,1
AK,1991,Fire,1
AK,1991,Snow,4
AK,1994,Severe Storm(s),3
AK,1996,Fire,2
AK,1996,Flood,4
AK,2000,Severe Storm(s),14
AK,2001,Fire,1
AK,2002,Flood,10
AK,2003,Earthquake,6
AK,2003,Severe Storm(s),7
AK,2004,Fire,7
AK,2005,Severe Storm(s),7
AK,2006,Fire,1
AK,2006,Flood,3
AK,2006,Severe Storm(s),4
AK,2007,Fire,2
AK,2007,Severe Storm(s),6
AK,2008,Severe Storm(s),4
AK,2009,Fire,1
AK,2009,Flood,8
AK,2010,Severe Storm(s),1
AK,2011,Fire,1
AK,2011,Flood,3
AK,2012,Severe Storm(s),6
AK,2013,Flood,5
AK,2013,Severe Storm(s),5
AK,2014,Flood,1
AK,2014,Severe Storm(s),4
AK,2015,Fire,2
AK,2016,Coastal Storm,1
AK,2016,Severe Storm(s),1
AK,2018,Coastal Storm,1
AK,2018,Flood,1
AK,2018,Severe Storm(s),1
AK,2019,Earthquake,6
AK,2019,Fire,3
AK,2020,Biological,121
AK,2021,Mud/Landslide,5
AK,2022,Severe Storm(s),5
AL,1961,Flood,1
AL,1970,Hurricane,2
AL,1970,Severe Storm(s),2
AL,1973,Flood,12
AL,1973,Tornado,28
AL,1974,Tornado,20
AL,1975,Flood,31
AL,1975,Tornado,5
AL,1976,Severe Storm(s),15
AL,1977,Drought,67
AL,1977,Flood,9
AL,1978,Flood,1
AL,1978,Tornado,2
AL,1979,Flood,37
AL,1979,Hurricane,11
AL,1980,Severe Storm(s),2
AL,1981,Flood,1
AL,1981,Severe Storm(s),1
AL,1984,Severe Storm(s),4
AL,1984,Tornado,4
AL,1985,Hurricane,2
AL,1990,Severe Storm(s),60
AL,1990,Tornado,2
AL,1991,Flood,12
AL,1993,Snow,67
AL,1994,Severe Storm(s),27
AL,1995,Severe Storm(s),5
AL,1996,Hurricane,38
AL,1996,Severe Storm(s),17
AL,1997,Severe Storm(s),3
AL,1998,Hurricane,26
AL,1998,Severe Storm(s),18
AL,1999,Fire,7
AL,1999,Severe Storm(s),12
AL,2000,Fire,1
AL,2000,Severe Storm(s),5
AL,2001,Severe Storm(s),17
AL,2002,Fire,3
AL,2002,Severe Storm(s),19
AL,2003,Hurricane,2
AL,2003,Severe Storm(s),67
AL,2004,Hurricane,67
AL,2005,Hurricane,141
AL,2007,Severe Storm(s),8
AL,2008,Hurricane,69
AL,2008,Severe Storm(s),2
AL,2009,Severe Storm(s),31
AL,2010,Hurricane,2
AL,2010,Severe Storm(s),17
AL,2011,Severe Storm(s),134
AL,2012,Hurricane,8
AL,2012,Severe Storm(s),3
AL,2014,Severe Storm(s),21
AL,2016,Severe Storm(s),39
AL,2017,Hurricane,68
AL,2018,Hurricane,48
AL,2018,Severe Storm(s),4
AL,2019,Hurricane,23
AL,2019,Severe Storm(s),12
AL,2019,Tornado,1
AL,2020,Biological,138
AL,2020,Hurricane,83
AL,2020,Severe Storm(s),36
AL,2021,Biological,1
AL,2021,Hurricane,21
AL,2021,Severe Storm(s),8
AL,2022,Severe Storm(s),2
AR,1957,Tornado,1
AR,1958,Flood,1
AR,1960,Tornado,1
AR,1961,Flood,1
AR,1963,Flood,1
AR,1964,Flood,1
AR,1968,Tornado,28
AR,1969,Flood,36
AR,1972,Flood,27
AR,1973,Flood,48
AR,1974,Flood,9
AR,1975,Flood,7
AR,1975,Tornado,1
AR,1976,Tornado,4
AR,1977,Drought,32
AR,1978,Flood,2
AR,1978,Tornado,4
AR,1979,Tornado,8
AR,1980,Tornado,5
AR,1982,Tornado,12
AR,1983,Flood,5
AR,1983,Severe Storm(s),38
AR,1988,Flood,11
AR,1988,Tornado,1
AR,1989,Tornado,24
AR,1990,Flood,37
AR,1991,Flood,21
AR,1992,Severe Storm(s),5
AR,1994,Snow,17
AR,1996,Severe Storm(s),6
AR,1997,Flood,28
AR,1997,Severe Storm(s),25
AR,1998,Tornado,1
AR,1999,Severe Storm(s),22
AR,2001,Severe Ice Storm,119
AR,2001,Severe Storm(s),22
AR,2002,Severe Storm(s),20
AR,2003,Severe Ice Storm,18
AR,2003,Severe Storm(s),23
AR,2004,Severe Storm(s),28
AR,2005,Hurricane,75
AR,2006,Severe Storm(s),7
AR,2008,Hurricane,18
AR,2008,Severe Storm(s),83
AR,2009,Severe Ice Storm,48
AR,2009,Severe Storm(s),88
AR,2009,Tornado,5
AR,2010,Severe Storm(s),63
AR,2011,Severe Storm(s),63
AR,2013,Severe Ice Storm,8
AR,2013,Severe Storm(s),17
AR,2014,Severe Ice Storm,14
AR,2014,Severe Storm(s),12
AR,2015,Severe Storm(s),29
AR,2016,Severe Storm(s),50
AR,2017,Severe Storm(s),32
AR,2019,Flood,36
AR,2020,Biological,152
AR,2020,Hurricane,75
AR,2020,Tornado,13
AR,2022,Tornado,5
AS,1966,Typhoon,5
AS,1974,Drought,5
AS,1980,Flood,5
AS,1981,Typhoon,5
AS,1987,Hurricane,5
AS,1990,Hurricane,5
AS,1992,Hurricane,5
AS,2003,Severe Storm(s),2
AS,2004,Typhoon,3
AS,2005,Typhoon,5
AS,2009,Earthquake,5
AS,2014,Severe Storm(s),5
AS,2018,Hurricane,10
AS,2020,Biological,10
AZ,1966,Flood,5
AZ,1970,Flood,6
AZ,1972,Flood,3
AZ,1973,Flood,2
AZ,1977,Drought,8
AZ,1978,Flood,13
AZ,1979,Flood,6
AZ,1980,Flood,5
AZ,1983,Flood,3
AZ,1984,Flood,11
AZ,1985,Severe Storm(s),2
AZ,1990,Fire,1
AZ,1991,Flood,8
AZ,1993,Fire,4
AZ,1993,Flood,13
AZ,1994,Fire,5
AZ,1995,Fire,2
AZ,1996,Fire,3
AZ,1999,Fire,2
AZ,2000,Severe Storm(s),2
AZ,2001,Severe Storm(s),8
AZ,2002,Fire,10
AZ,2003,Fire,7
AZ,2004,Fire,3
AZ,2005,Fire,8
AZ,2005,Hurricane,15
AZ,2005,Severe Storm(s),20
AZ,2006,Fire,4
AZ,2006,Severe Storm(s),11
AZ,2008,Fire,1
AZ,2009,Fire,2
AZ,2010,Fire,3
AZ,2010,Severe Storm(s),19
AZ,2011,Fire,4
AZ,2011,Severe Storm(s),3
AZ,2013,Fire,3
AZ,2013,Freezing,1
AZ,2015,Fire,3
AZ,2015,Flood,2
AZ,2016,Fire,1
AZ,2017,Fire,3
AZ,2018,Fire,2
AZ,2018,Flood,1
AZ,2019,Fire,1
AZ,2019,Severe Storm(s),2
AZ,2020,Biological,72
AZ,2020,Fire,9
AZ,2021,Biological,1
AZ,2021,Fire,4
AZ,2021,Flood,3
CA,1954,Flood,1
CA,1956,Flood,1
CA,1957,Fire,1
CA,1958,Flood,1
CA,1962,Fire,1
CA,1962,Flood,1
CA,1963,Flood,2
CA,1964,Dam/Levee Break,1
CA,1964,Other,1
CA,1965,Flood,31
CA,1966,Flood,5
CA,1967,Flood,8
CA,1969,Flood,38
CA,1970,Fire,6
CA,1970,Flood,17
CA,1971,Earthquake,1
CA,1972,Flood,4
CA,1973,Flood,6
CA,1974,Flood,8
CA,1976,Flood,3
CA,1977,Drought,47
CA,1977,Fire,1
CA,1978,Flood,14
CA,1979,Fire,1
CA,1979,Flood,2
CA,1980,Coastal Storm,3
CA,1980,Earthquake,1
CA,1980,Flood,8
CA,1981,Fire,4
CA,1981,Flood,1
CA,1982,Fire,1
CA,1982,Flood,11
CA,1983,Coastal Storm,40
CA,1983,Earthquake,1
CA,1983,Flood,5
CA,1985,Fire,8
CA,1986,Flood,39
CA,1987,Fire,1
CA,1988,Earthquake,2
CA,1988,Fire,5
CA,1988,Flood,5
CA,1990,Earthquake,12
CA,1990,Fire,4
CA,1991,Freezing,33
CA,1992,Earthquake,3
CA,1992,Fire,4
CA,1992,Flood,5
CA,1993,Flood,27
CA,1994,Earthquake,3
CA,1994,Fire,6
CA,1994,Fishing Losses,4
CA,1995,Severe Storm(s),99
CA,1997,Fire,4
CA,1997,Severe Storm(s),48
CA,1998,Severe Storm(s),41
CA,1999,Fire,10
CA,1999,Freezing,8
CA,2000,Earthquake,1
CA,2002,Fire,14
CA,2003,Fire,8
CA,2004,Dam/Levee Break,1
CA,2004,Earthquake,2
CA,2004,Fire,37
CA,2005,Fire,6
CA,2005,Hurricane,58
CA,2005,Severe Storm(s),15
CA,2006,Fire,10
CA,2006,Severe Storm(s),48
CA,2007,Fire,11
CA,2007,Freezing,16
CA,2008,Fire,49
CA,2009,Fire,22
CA,2010,Earthquake,1
CA,2010,Fire,7
CA,2010,Severe Storm(s),6
CA,2011,Fire,4
CA,2011,Flood,10
CA,2011,Tsunami,3
CA,2012,Fire,5
CA,2013,Fire,9
CA,2014,Earthquake,2
CA,2014,Fire,17
CA,2015,Fire,13
CA,2015,Flood,1
CA,2016,Fire,14
CA,2017,Dam/Levee Break,3
CA,2017,Fire,10
CA,2017,Flood,66
CA,2017,Severe Storm(s),36
CA,2018,Fire,54
CA,2019,Earthquake,2
CA,2019,Fire,10
CA,2019,Severe Storm(s),32
CA,2020,Biological,116
CA,2020,Fire,59
CA,2021,Fire,38
CA,2022,Fire,1
CO,1955,Flood,1
CO,1956,Flood,1
CO,1965,Tornado,27
CO,1969,Flood,15
CO,1970,Flood,16
CO,1973,Dam/Levee Break,1
CO,1973,Flood,32
CO,1976,Flood,4
CO,1977,Drought,42
CO,1978,Fire,1
CO,1980,Fire,1
CO,1982,Flood,1
CO,1984,Flood,15
CO,1989,Fire,1
CO,1991,Fire,1
CO,1994,Fire,3
CO,1996,Fire,1
CO,1997,Flood,13
CO,1999,Severe Storm(s),12
CO,2000,Fire,4
CO,2001,Severe Storm(s),14
CO,2002,Fire,81
CO,2003,Fire,1
CO,2003,Snow,29
CO,2004,Fire,5
CO,2005,Coastal Storm,64
CO,2005,Fire,2
CO,2006,Fire,4
CO,2007,Fire,1
CO,2007,Snow,26
CO,2008,Fire,3
CO,2008,Severe Storm(s),2
CO,2009,Fire,1
CO,2010,Fire,2
CO,2011,Fire,4
CO,2012,Fire,7
CO,2013,Fire,9
CO,2013,Flood,33
CO,2015,Flood,15
CO,2016,Fire,1
CO,2017,Fire,3
CO,2018,Fire,4
CO,2020,Biological,132
CO,2020,Fire,5
CO,2021,Fire,4
CO,2022,Fire,2
CT,1954,Hurricane,1
CT,1955,Hurricane,1
CT,1978,Snow,8
CT,1980,Tornado,1
CT,1982,Flood,8
CT,1984,Flood,6
CT,1986,Hurricane,8
CT,1989,Tornado,2
CT,1991,Hurricane,6
CT,1993,Flood,3
CT,1993,Snow,8
CT,1996,Snow,8
CT,1999,Hurricane,3
CT,2003,Snow,8
CT,2004,Snow,7
CT,2005,Hurricane,8
CT,2005,Snow,8
CT,2006,Severe Storm(s),5
CT,2006,Snow,5
CT,2007,Severe Storm(s),7
CT,2010,Severe Storm(s),5
CT,2011,Hurricane,16
CT,2011,Snow,8
CT,2012,Severe Storm(s),15
CT,2013,Hurricane,16
CT,2013,Severe Storm(s),18
CT,2015,Severe Storm(s),4
CT,2018,Tornado,2
CT,2019,Severe Storm(s),2
CT,2020,Biological,21
CT,2020,Hurricane,10
CT,2021,Hurricane,20
CT,2022,Hurricane,7
DC,1989,Severe Storm(s),1
DC,1993,Snow,1
DC,1994,Severe Storm(s),1
DC,1996,Severe Storm(s),1
DC,2000,Severe Storm(s),2
DC,2001,Severe Storm(s),1
DC,2003,Hurricane,1
DC,2003,Severe Storm(s),1
DC,2005,Hurricane,1
DC,2009,Other,1
DC,2010,Severe Storm(s),1
DC,2010,Snow,1
DC,2011,Hurricane,2
DC,2012,Earthquake,1
DC,2012,Severe Storm(s),1
DC,2013,Hurricane,2
DC,2016,Snow,1
DC,2020,Biological,2
DC,2021,Other,1
DE,1962,Flood,1
DE,1965,Drought,3
DE,1992,Flood,2
DE,1993,Coastal Storm,1
DE,1993,Snow,3
DE,1994,Severe Storm(s),2
DE,1996,Snow,3
DE,1998,Severe Storm(s),1
DE,1999,Hurricane,1
DE,2003,Hurricane,4
DE,2003,Snow,3
DE,2005,Hurricane,3
DE,2005,Severe Storm(s),1
DE,2006,Severe Storm(s),1
DE,2010,Snow,3
DE,2011,Hurricane,5
DE,2013,Hurricane,6
DE,2016,Snow,1
DE,2020,Biological,6
DE,2021,Hurricane,2
DE,2022,Hurricane,1
FL,1954,Flood,1
FL,1960,Hurricane,1
FL,1960,Other,1
FL,1963,Flood,1
FL,1964,Hurricane,2
FL,1965,Hurricane,10
FL,1969,Hurricane,14
FL,1970,Flood,3
FL,1971,Freezing,6
FL,1972,Coastal Storm,14
FL,1973,Flood,13
FL,1975,Flood,14
FL,1977,Freezing,35
FL,1979,Flood,5
FL,1979,Hurricane,5
FL,1979,Severe Storm(s),4
FL,1980,Human Cause,4
FL,1982,Flood,4
FL,1984,Freezing,5
FL,1985,Fire,4
FL,1985,Freezing,20
FL,1985,Hurricane,7
FL,1986,Hurricane,8
FL,1990,Flood,11
FL,1990,Freezing,32
FL,1992,Flood,4
FL,1992,Hurricane,4
FL,1993,Severe Storm(s),7
FL,1993,Tornado,38
FL,1994,Flood,14
FL,1994,Severe Storm(s),12
FL,1995,Hurricane,7
FL,1995,Severe Storm(s),2
FL,1996,Flood,3
FL,1996,Hurricane,15
FL,1997,Severe Storm(s),16
FL,1998,Fire,80
FL,1998,Hurricane,57
FL,1998,Severe Storm(s),58
FL,1999,Fire,99
FL,1999,Hurricane,24
FL,1999,Severe Storm(s),2
FL,2000,Fire,32
FL,2000,Hurricane,48
FL,2001,Coastal Storm,11
FL,2001,Fire,26
FL,2001,Freezing,49
FL,2001,Severe Storm(s),22
FL,2003,Severe Storm(s),12
FL,2004,Hurricane,232
FL,2005,Hurricane,102
FL,2006,Fire,1
FL,2006,Hurricane,20
FL,2007,Fire,23
FL,2007,Severe Storm(s),5
FL,2008,Fire,1
FL,2008,Hurricane,1
FL,2008,Severe Storm(s),111
FL,2009,Fire,1
FL,2009,Hurricane,6
FL,2009,Severe Storm(s),28
FL,2011,Fire,1
FL,2012,Severe Storm(s),34
FL,2013,Hurricane,12
FL,2013,Severe Storm(s),4
FL,2014,Severe Storm(s),9
FL,2016,Hurricane,26
FL,2017,Fire,3
FL,2017,Hurricane,187
FL,2018,Hurricane,2
FL,2019,Hurricane,126
FL,2020,Biological,150
FL,2020,Fire,3
FL,2020,Hurricane,60
FL,2021,Hurricane,36
FL,2021,Other,1
FL,2021,Severe Storm(s),37
FL,2022,Fire,4
FM,1963,Typhoon,1
FM,1965,Typhoon,1
FM,1971,Typhoon,1
FM,1980,Flood,1
FM,1981,Fire,1
FM,1986,Typhoon,1
FM,1987,Typhoon,1
FM,1988,Typhoon,1
FM,1991,Typhoon,3
FM,1992,Drought,2
FM,1992,Typhoon,6
FM,1997,Typhoon,1
FM,1998,Drought,3
FM,2002,Typhoon,3
FM,2003,Typhoon,1
FM,2004,Typhoon,3
FM,2007,Drought,1
GA,1953,Tornado,1
GA,1954,Tornado,1
GA,1961,Flood,1
GA,1963,Flood,1
GA,1964,Hurricane,1
GA,1965,Flood,1
GA,1966,Flood,23
GA,1973,Tornado,15
GA,1974,Tornado,20
GA,1975,Tornado,2
GA,1976,Flood,8
GA,1977,Drought,144
GA,1977,Freezing,6
GA,1978,Flood,1
GA,1979,Flood,3
GA,1984,Tornado,6
GA,1990,Severe Storm(s),38
GA,1991,Flood,24
GA,1993,Snow,93
GA,1993,Tornado,22
GA,1994,Tornado,67
GA,1995,Severe Storm(s),13
GA,1996,Hurricane,50
GA,1996,Severe Storm(s),1
GA,1998,Severe Storm(s),119
GA,1999,Hurricane,6
GA,1999,Severe Storm(s),2
GA,2000,Severe Storm(s),57
GA,2001,Fire,1
GA,2004,Hurricane,111
GA,2005,Hurricane,159
GA,2007,Fire,6
GA,2007,Severe Storm(s),16
GA,2008,Severe Storm(s),21
GA,2009,Severe Storm(s),70
GA,2011,Fire,6
GA,2011,Severe Storm(s),26
GA,2014,Severe Ice Storm,136
GA,2015,Severe Ice Storm,16
GA,2016,Severe Storm(s),34
GA,2017,Fire,4
GA,2017,Hurricane,368
GA,2017,Severe Storm(s),7
GA,2017,Tornado,23
GA,2019,Hurricane,189
GA,2020,Biological,320
GA,2021,Hurricane,21
GA,2021,Severe Storm(s),9
GU,1963,Typhoon,2
GU,1976,Typhoon,1
GU,1988,Typhoon,1
GU,1991,Typhoon,1
GU,1992,Typhoon,2
GU,1998,Fire,1
GU,1998,Typhoon,1
GU,2002,Earthquake,1
GU,2002,Typhoon,1
GU,2003,Typhoon,1
GU,2004,Severe Storm(s),1
GU,2014,Severe Storm(s),1
GU,2015,Typhoon,1
GU,2018,Typhoon,1
GU,2019,Typhoon,1
GU,2020,Biological,2
HI,1955,Volcano,1
HI,1957,Other,1
HI,1959,Hurricane,1
HI,1960,Earthquake,1
HI,1960,Other,1
HI,1963,Flood,1
HI,1968,Flood,1
HI,1973,Earthquake,1
HI,1974,Flood,2
HI,1976,Earthquake,1
HI,1979,Flood,1
HI,1980,Flood,1
HI,1982,Flood,1
HI,1983,Fire,1
HI,1983,Typhoon,2
HI,1988,Flood,1
HI,1990,Volcano,1
HI,1992,Hurricane,6
HI,1997,Flood,1
HI,1997,Severe Storm(s),1
HI,1998,Fire,3
HI,2000,Fire,1
HI,2001,Severe Storm(s),2
HI,2003,Fire,1
HI,2004,Fire,1
HI,2005,Fire,4
HI,2005,Severe Storm(s),1
HI,2006,Fire,1
HI,2006,Severe Storm(s),2
HI,2007,Earthquake,4
HI,2007,Fire,3
HI,2008,Fire,1
HI,2008,Severe Storm(s),3
HI,2009,Fire,1
HI,2009,Flood,2
HI,2010,Fire,1
HI,2011,Tsunami,3
HI,2012,Severe Storm(s),2
HI,2014,Severe Storm(s),2
HI,2015,Volcano,1
HI,2017,Mud/Landslide,1
HI,2018,Flood,2
HI,2018,Hurricane,11
HI,2018,Volcano,1
HI,2020,Biological,9
HI,2020,Fire,1
HI,2020,Hurricane,4
HI,2020,Severe Storm(s),1
HI,2021,Fire,1
HI,2021,Flood,1
HI,2022,Severe Storm(s),2
IA,1953,Flood,1
IA,1954,Flood,1
IA,1958,Flood,1
IA,1961,Flood,1
IA,1962,Flood,1
IA,1965,Flood,68
IA,1968,Flood,12
IA,1968,Tornado,4
IA,1969,Flood,87
IA,1972,Flood,21
IA,1973,Flood,26
IA,1974,Flood,39
IA,1977,Drought,3
IA,1979,Tornado,13
IA,1984,Severe Storm(s),5
IA,1987,Flood,4
IA,1988,Tornado,1
IA,1990,Flood,56
IA,1991,Flood,16
IA,1992,Severe Ice Storm,44
IA,1993,Flood,123
IA,1996,Severe Storm(s),31
IA,1998,Flood,83
IA,1998,Snow,13
IA,1999,Severe Storm(s),38
IA,2001,Severe Storm(s),23
IA,2002,Flood,21
IA,2004,Severe Storm(s),77
IA,2005,Hurricane,99
IA,2007,Severe Storm(s),84
IA,2007,Snow,30
IA,2008,Severe Ice Storm,30
IA,2008,Severe Storm(s),85
IA,2009,Severe Storm(s),1
IA,2010,Severe Storm(s),117
IA,2011,Flood,6
IA,2011,Severe Storm(s),14
IA,2013,Flood,20
IA,2013,Severe Storm(s),66
IA,2014,Flood,27
IA,2014,Severe Storm(s),33
IA,2015,Severe Storm(s),19
IA,2016,Flood,8
IA,2017,Flood,19
IA,2017,Severe Storm(s),9
IA,2018,Severe Storm(s),35
IA,2019,Flood,81
IA,2020,Biological,203
IA,2020,Severe Storm(s),24
IA,2022,Severe Storm(s),26
ID,1956,Flood,1
ID,1957,Flood,1
ID,1960,Fire,1
ID,1961,Flood,1
ID,1962,Flood,1
ID,1963,Flood,1
ID,1965,Flood,27
ID,1967,Fire,10
ID,1972,Flood,1
ID,1974,Flood,9
ID,1976,Flood,5
ID,1977,Drought,9
ID,1977,Fire,1
ID,1979,Fire,1
ID,1980,Volcano,8
ID,1984,Earthquake,3
ID,1984,Snow,1
ID,1996,Severe Storm(s),10
ID,1997,Severe Storm(s),30
ID,2000,Fire,16
ID,2005,Flood,2
ID,2005,Hurricane,44
ID,2006,Severe Storm(s),1
ID,2007,Fire,4
ID,2008,Flood,2
ID,2010,Fire,1
ID,2010,Severe Storm(s),7
ID,2011,Flood,6
ID,2012,Fire,2
ID,2013,Fire,3
ID,2015,Fire,6
ID,2016,Fire,1
ID,2016,Severe Storm(s),8
ID,2017,Flood,25
ID,2018,Fire,1
ID,2018,Flood,2
ID,2019,Flood,6
ID,2020,Biological,93
ID,2021,Fire,2
ID,2021,Severe Storm(s),4
IL,1957,Flood,1
IL,1961,Flood,1
IL,1965,Tornado,10
IL,1967,Tornado,9
IL,1968,Tornado,8
IL,1969,Flood,25
IL,1972,Flood,3
IL,1973,Flood,52
IL,1974,Flood,46
IL,1974,Tornado,4
IL,1975,Tornado,1
IL,1976,Severe Storm(s),2
IL,1979,Flood,29
IL,1979,Snow,24
IL,1981,Severe Storm(s),4
IL,1982,Tornado,2
IL,1983,Severe Storm(s),37
IL,1985,Flood,23
IL,1987,Flood,11
IL,1989,Tornado,5
IL,1990,Severe Ice Storm,10
IL,1990,Severe Storm(s),16
IL,1990,Tornado,3
IL,1992,Flood,1
IL,1993,Flood,39
IL,1994,Severe Storm(s),16
IL,1995,Severe Storm(s),19
IL,1996,Severe Storm(s),44
IL,1997,Severe Storm(s),7
IL,1999,Severe Storm(s),1
IL,1999,Snow,52
IL,2001,Flood,10
IL,2001,Snow,27
IL,2002,Tornado,68
IL,2003,Severe Storm(s),16
IL,2004,Severe Storm(s),4
IL,2005,Hurricane,102
IL,2005,Snow,16
IL,2006,Severe Storm(s),6
IL,2007,Severe Ice Storm,18
IL,2007,Severe Storm(s),11
IL,2007,Snow,26
IL,2008,Severe Storm(s),27
IL,2008,Snow,8
IL,2009,Severe Storm(s),33
IL,2010,Severe Storm(s),11
IL,2011,Severe Storm(s),21
IL,2011,Snow,65
IL,2013,Flood,47
IL,2014,Tornado,15
IL,2019,Flood,28
IL,2020,Biological,204
IL,2022,Tornado,15
IN,1955,Flood,1
IN,1959,Flood,1
IN,1961,Flood,1
IN,1964,Flood,1
IN,1965,Tornado,17
IN,1968,Flood,12
IN,1974,Tornado,39
IN,1977,Snow,40
IN,1978,Flood,2
IN,1978,Snow,1
IN,1979,Flood,18
IN,1982,Flood,5
IN,1986,Tornado,1
IN,1990,Severe Storm(s),30
IN,1991,Flood,74
IN,1991,Severe Ice Storm,26
IN,1992,Flood,6
IN,1992,Severe Storm(s),15
IN,1993,Severe Storm(s),6
IN,1996,Flood,56
IN,1996,Severe Storm(s),29
IN,1997,Severe Storm(s),13
IN,1998,Severe Storm(s),34
IN,1999,Snow,57
IN,2001,Snow,29
IN,2002,Severe Storm(s),63
IN,2003,Severe Storm(s),67
IN,2004,Severe Storm(s),89
IN,2005,Hurricane,92
IN,2005,Severe Storm(s),87
IN,2005,Snow,50
IN,2006,Tornado,2
IN,2007,Severe Storm(s),3
IN,2007,Snow,49
IN,2008,Severe Storm(s),110
IN,2009,Severe Storm(s),37
IN,2011,Severe Storm(s),36
IN,2012,Severe Storm(s),6
IN,2014,Severe Storm(s),30
IN,2018,Flood,31
IN,2020,Biological,185
KS,1955,Tornado,1
KS,1957,Flood,1
KS,1959,Flood,1
KS,1965,Flood,21
KS,1966,Tornado,2
KS,1967,Tornado,27
KS,1969,Tornado,20
KS,1973,Flood,64
KS,1973,Severe Storm(s),53
KS,1974,Flood,1
KS,1976,Flood,10
KS,1977,Flood,10
KS,1979,Flood,2
KS,1981,Severe Storm(s),2
KS,1982,Flood,1
KS,1984,Severe Storm(s),6
KS,1987,Flood,10
KS,1991,Tornado,6
KS,1993,Flood,57
KS,1998,Other,2
KS,1999,Severe Storm(s),32
KS,1999,Tornado,3
KS,2000,Severe Storm(s),3
KS,2001,Severe Storm(s),1
KS,2002,Severe Ice Storm,35
KS,2003,Severe Storm(s),15
KS,2004,Severe Storm(s),31
KS,2005,Hurricane,105
KS,2005,Severe Storm(s),41
KS,2006,Fire,1
KS,2006,Severe Storm(s),24
KS,2007,Severe Storm(s),109
KS,2008,Severe Storm(s),219
KS,2009,Severe Storm(s),75
KS,2010,Severe Storm(s),95
KS,2011,Fire,2
KS,2011,Flood,8
KS,2011,Severe Storm(s),25
KS,2012,Severe Storm(s),14
KS,2013,Snow,23
KS,2014,Severe Storm(s),46
KS,2015,Severe Storm(s),44
KS,2016,Fire,3
KS,2017,Fire,11
KS,2017,Severe Ice Storm,20
KS,2017,Severe Storm(s),13
KS,2017,Snow,27
KS,2018,Severe Storm(s),2
KS,2019,Severe Storm(s),125
KS,2020,Biological,233
KS,2022,Fire,2
KS,2022,Severe Storm(s),55
KY,1957,Flood,1
KY,1962,Flood,1
KY,1963,Flood,1
KY,1964,Flood,1
KY,1967,Flood,18
KY,1968,Tornado,5
KY,1969,Flood,11
KY,1970,Flood,25
KY,1971,Tornado,8
KY,1972,Flood,10
KY,1973,Flood,5
KY,1974,Tornado,34
KY,1975,Flood,21
KY,1975,Other,1
KY,1977,Flood,15
KY,1979,Flood,38
KY,1981,Toxic Substances,1
KY,1982,Flood,1
KY,1984,Severe Storm(s),28
KY,1989,Flood,79
KY,1990,Flood,11
KY,1991,Flood,19
KY,1993,Snow,73
KY,1994,Snow,68
KY,1995,Tornado,32
KY,1996,Severe Storm(s),4
KY,1996,Snow,120
KY,1997,Severe Storm(s),101
KY,1998,Severe Storm(s),61
KY,2000,Fire,3
KY,2000,Severe Storm(s),16
KY,2000,Tornado,11
KY,2001,Fire,16
KY,2001,Severe Storm(s),20
KY,2002,Fire,17
KY,2002,Severe Storm(s),76
KY,2003,Severe Storm(s),119
KY,2004,Severe Storm(s),105
KY,2005,Hurricane,120
KY,2005,Snow,30
KY,2006,Severe Storm(s),2
KY,2007,Severe Storm(s),9
KY,2008,Severe Storm(s),38
KY,2009,Severe Ice Storm,203
KY,2009,Severe Storm(s),61
KY,2010,Severe Storm(s),91
KY,2011,Severe Storm(s),86
KY,2012,Severe Storm(s),23
KY,2014,Severe Storm(s),4
KY,2015,Flood,88
KY,2015,Severe Storm(s),34
KY,2015,Snow,41
KY,2016,Severe Storm(s),20
KY,2017,Fire,5
KY,2018,Flood,57
KY,2019,Severe Storm(s),61
KY,2020,Biological,240
KY,2020,Severe Storm(s),27
KY,2021,Flood,50
KY,2021,Severe Ice Storm,45
KY,2022,Severe Storm(s),13
KY,2022,Tornado,39
LA,1953,Flood,1
LA,1957,Hurricane,2
LA,1958,Flood,1
LA,1963,Toxic Substances,1
LA,1965,Hurricane,36
LA,1969,Hurricane,5
LA,1972,Hurricane,21
LA,1973,Flood,37
LA,1974,Flood,6
LA,1974,Hurricane,10
LA,1975,Flood,7
LA,1975,Severe Storm(s),13
LA,1977,Flood,8
LA,1977,Snow,34
LA,1978,Flood,6
LA,1979,Flood,13
LA,1979,Tornado,2
LA,1980,Flood,18
LA,1983,Flood,29
LA,1984,Tornado,1
LA,1985,Flood,4
LA,1986,Hurricane,14
LA,1988,Tornado,10
LA,1989,Flood,49
LA,1989,Tornado,9
LA,1990,Flood,3
LA,1991,Flood,15
LA,1991,Severe Storm(s),38
LA,1992,Hurricane,36
LA,1993,Flood,9
LA,1994,Severe Storm(s),8
LA,1995,Severe Storm(s),12
LA,1997,Severe Storm(s),3
LA,1998,Hurricane,22
LA,1999,Severe Storm(s),23
LA,2000,Fire,11
LA,2000,Snow,8
LA,2001,Coastal Storm,27
LA,2001,Severe Ice Storm,8
LA,2002,Hurricane,16
LA,2003,Hurricane,44
LA,2003,Other,41
LA,2004,Hurricane,29
LA,2004,Severe Storm(s),9
LA,2005,Hurricane,255
LA,2005,Severe Storm(s),5
LA,2007,Severe Storm(s),27
LA,2008,Hurricane,161
LA,2010,Severe Storm(s),11
LA,2011,Flood,48
LA,2012,Coastal Storm,8
LA,2012,Hurricane,89
LA,2013,Severe Storm(s),11
LA,2015,Flood,7
LA,2016,Flood,70
LA,2017,Hurricane,12
LA,2017,Tornado,2
LA,2018,Hurricane,39
LA,2019,Coastal Storm,41
LA,2019,Flood,25
LA,2019,Hurricane,26
LA,2019,Severe Storm(s),3
LA,2020,Biological,144
LA,2020,Coastal Storm,64
LA,2020,Hurricane,192
LA,2021,Coastal Storm,65
LA,2021,Flood,7
LA,2021,Hurricane,355
LA,2021,Severe Ice Storm,128
MA,1953,Tornado,1
MA,1954,Hurricane,1
MA,1955,Hurricane,1
MA,1972,Fishing Losses,8
MA,1972,Flood,4
MA,1974,Fire,1
MA,1978,Flood,8
MA,1978,Snow,1
MA,1982,Fire,1
MA,1986,Hurricane,13
MA,1987,Flood,8
MA,1991,Hurricane,11
MA,1992,Coastal Storm,7
MA,1993,Coastal Storm,9
MA,1993,Snow,14
MA,1995,Fire,1
MA,1996,Snow,14
MA,1997,Flood,10
MA,1998,Flood,7
MA,2000,Fire,1
MA,2001,Severe Storm(s),7
MA,2001,Snow,7
MA,2003,Snow,14
MA,2004,Flood,5
MA,2004,Snow,12
MA,2005,Hurricane,14
MA,2005,Snow,14
MA,2006,Severe Storm(s),15
MA,2007,Severe Storm(s),8
MA,2009,Severe Ice Storm,7
MA,2009,Severe Storm(s),9
MA,2010,Hurricane,10
MA,2010,Other,4
MA,2010,Severe Storm(s),7
MA,2011,Hurricane,23
MA,2011,Snow,7
MA,2011,Tornado,2
MA,2012,Severe Storm(s),14
MA,2013,Hurricane,20
MA,2013,Severe Storm(s),14
MA,2013,Terrorist,4
MA,2015,Severe Storm(s),10
MA,2018,Severe Storm(s),6
MA,2018,Snow,5
MA,2020,Biological,33
MA,2021,Hurricane,1
MD,1962,Flood,1
MD,1971,Flood,9
MD,1972,Flood,21
MD,1976,Flood,14
MD,1977,Flood,2
MD,1977,Snow,16
MD,1979,Severe Storm(s),5
MD,1986,Flood,1
MD,1989,Severe Storm(s),1
MD,1993,Snow,24
MD,1994,Snow,9
MD,1996,Flood,6
MD,1996,Hurricane,3
MD,1996,Snow,24
MD,1999,Hurricane,11
MD,2000,Severe Storm(s),15
MD,2002,Tornado,3
MD,2003,Hurricane,24
MD,2003,Severe Storm(s),20
MD,2005,Hurricane,24
MD,2006,Severe Storm(s),3
MD,2010,Snow,34
MD,2011,Hurricane,38
MD,2012,Flood,7
MD,2012,Severe Storm(s),6
MD,2013,Hurricane,48
MD,2014,Severe Storm(s),4
MD,2016,Flood,1
MD,2016,Snow,19
MD,2018,Flood,2
MD,2018,Severe Storm(s),2
MD,2020,Biological,48
MD,2021,Hurricane,3
ME,1954,Hurricane,1
ME,1970,Flood,15
ME,1972,Fishing Losses,8
ME,1972,Flood,7
ME,1973,Flood,3
ME,1974,Flood,12
ME,1977,Fire,1
ME,1978,Flood,4
ME,1980,Fishing Losses,8
ME,1987,Flood,14
ME,1989,Flood,4
ME,1991,Hurricane,9
ME,1991,Snow,1
ME,1992,Coastal Storm,5
ME,1992,Fire,1
ME,1992,Flood,10
ME,1993,Flood,12
ME,1993,Snow,16
ME,1994,Flood,1
ME,1996,Severe Storm(s),12
ME,1997,Flood,3
ME,1997,Severe Storm(s),2
ME,1998,Severe Storm(s),22
ME,1999,Severe Storm(s),2
ME,2000,Hurricane,5
ME,2000,Severe Storm(s),8
ME,2001,Severe Storm(s),6
ME,2001,Snow,13
ME,2003,Freezing,11
ME,2003,Snow,1
ME,2004,Severe Storm(s),7
ME,2004,Snow,18
ME,2005,Hurricane,15
ME,2005,Severe Storm(s),13
ME,2005,Snow,27
ME,2006,Severe Storm(s),1
ME,2006,Snow,1
ME,2007,Flood,4
ME,2007,Severe Storm(s),14
ME,2008,Flood,7
ME,2008,Severe Storm(s),3
ME,2009,Severe Storm(s),22
ME,2010,Severe Storm(s),7
ME,2011,Hurricane,4
ME,2011,Severe Storm(s),3
ME,2013,Severe Storm(s),6
ME,2015,Snow,4
ME,2018,Coastal Storm,1
ME,2018,Severe Storm(s),13
ME,2020,Biological,623
ME,2022,Coastal Storm,4
MH,1987,Fire,1
MH,1988,Typhoon,1
MH,1992,Flood,6
MH,1992,Typhoon,8
MH,1993,Typhoon,11
MH,1995,Coastal Storm,1
MH,1998,Drought,25
MI,1953,Tornado,2
MI,1956,Tornado,1
MI,1965,Tornado,16
MI,1972,Snow,9
MI,1973,Flood,23
MI,1974,Tornado,1
MI,1975,Flood,33
MI,1976,Severe Storm(s),29
MI,1977,Drought,44
MI,1977,Snow,12
MI,1978,Snow,83
MI,1980,Flood,10
MI,1980,Tornado,2
MI,1982,Flood,2
MI,1985,Flood,21
MI,1986,Flood,30
MI,1994,Freezing,10
MI,1996,Severe Storm(s),7
MI,1997,Severe Storm(s),5
MI,1998,Severe Storm(s),15
MI,1999,Fire,1
MI,1999,Snow,31
MI,2001,Severe Storm(s),2
MI,2001,Snow,39
MI,2002,Flood,6
MI,2003,Other,14
MI,2004,Severe Storm(s),26
MI,2005,Hurricane,83
MI,2008,Severe Storm(s),12
MI,2013,Flood,16
MI,2014,Flood,3
MI,2016,Toxic Substances,1
MI,2017,Severe Storm(s),4
MI,2018,Flood,3
MI,2020,Biological,188
MI,2020,Dam/Levee Break,7
MI,2021,Severe Storm(s),5
MN,1957,Flood,1
MN,1965,Flood,65
MN,1966,Flood,25
MN,1968,Flood,6
MN,1969,Flood,74
MN,1970,Flood,11
MN,1972,Flood,18
MN,1974,Flood,18
MN,1975,Flood,1
MN,1975,Severe Storm(s),17
MN,1976,Drought,78
MN,1976,Fire,7
MN,1978,Flood,10
MN,1978,Severe Storm(s),17
MN,1979,Flood,11
MN,1987,Severe Storm(s),10
MN,1989,Flood,8
MN,1992,Severe Ice Storm,12
MN,1992,Severe Storm(s),10
MN,1993,Severe Storm(s),57
MN,1995,Severe Storm(s),15
MN,1996,Flood,26
MN,1996,Snow,4
MN,1997,Flood,59
MN,1997,Severe Storm(s),74
MN,1998,Tornado,26
MN,1999,Severe Ice Storm,7
MN,1999,Severe Storm(s),9
MN,2000,Severe Storm(s),18
MN,2001,Fire,5
MN,2001,Flood,72
MN,2002,Fire,1
MN,2002,Severe Storm(s),19
MN,2005,Hurricane,87
MN,2005,Severe Storm(s),7
MN,2006,Flood,9
MN,2006,Severe Storm(s),9
MN,2007,Other,1
MN,2007,Severe Storm(s),8
MN,2008,Severe Storm(s),6
MN,2009,Severe Storm(s),37
MN,2010,Flood,57
MN,2010,Tornado,13
MN,2011,Flood,34
MN,2011,Severe Storm(s),47
MN,2012,Severe Storm(s),18
MN,2013,Severe Storm(s),23
MN,2014,Flood,40
MN,2017,Flood,10
MN,2018,Flood,31
MN,2019,Flood,56
MN,2020,Biological,214
MO,1957,Tornado,1
MO,1960,Flood,1
MO,1961,Flood,1
MO,1964,Flood,1
MO,1965,Flood,18
MO,1965,Severe Storm(s),6
MO,1973,Severe Storm(s),94
MO,1974,Flood,58
MO,1975,Tornado,4
MO,1976,Drought,94
MO,1976,Flood,4
MO,1977,Flood,6
MO,1977,Tornado,7
MO,1979,Flood,2
MO,1979,Tornado,17
MO,1980,Tornado,1
MO,1982,Flood,3
MO,1983,Flood,14
MO,1984,Flood,11
MO,1987,Flood,30
MO,1990,Flood,10
MO,1993,Flood,113
MO,1994,Severe Storm(s),42
MO,1995,Severe Storm(s),62
MO,1999,Severe Storm(s),28
MO,2000,Fire,1
MO,2000,Flood,10
MO,2002,Severe Ice Storm,43
MO,2002,Severe Storm(s),79
MO,2003,Severe Storm(s),76
MO,2004,Severe Storm(s),37
MO,2005,Hurricane,115
MO,2006,Severe Storm(s),56
MO,2007,Severe Ice Storm,39
MO,2007,Severe Storm(s),52
MO,2008,Severe Ice Storm,176
MO,2008,Severe Storm(s),144
MO,2009,Severe Ice Storm,115
MO,2009,Severe Storm(s),130
MO,2010,Severe Storm(s),37
MO,2011,Flood,39
MO,2011,Severe Storm(s),218
MO,2013,Severe Storm(s),46
MO,2015,Severe Storm(s),96
MO,2016,Flood,126
MO,2017,Flood,55
MO,2019,Flood,16
MO,2019,Severe Storm(s),87
MO,2020,Biological,230
MO,2020,Severe Storm(s),19
MO,2021,Severe Storm(s),23
MO,2022,Severe Storm(s),8
MP,1976,Typhoon,1
MP,1978,Flood,1
MP,1981,Typhoon,1
MP,1987,Typhoon,1
MP,1988,Typhoon,4
MP,1990,Typhoon,4
MP,1998,Typhoon,4
MP,2002,Typhoon,1
MP,2003,Typhoon,3
MP,2004,Typhoon,6
MP,2006,Typhoon,3
MP,2015,Typhoon,3
MP,2018,Typhoon,6
MP,2019,Typhoon,8
MP,2020,Biological,9
MP,2020,Typhoon,8
MS,1954,Tornado,1
MS,1961,Flood,1
MS,1963,Toxic Substances,1
MS,1965,Hurricane,11
MS,1969,Hurricane,27
MS,1971,Tornado,23
MS,1972,Flood,9
MS,1973,Severe Storm(s),52
MS,1974,Flood,30
MS,1975,Flood,5
MS,1975,Tornado,4
MS,1976,Severe Storm(s),4
MS,1977,Snow,72
MS,1978,Tornado,15
MS,1979,Hurricane,16
MS,1979,Severe Storm(s),41
MS,1980,Severe Storm(s),8
MS,1982,Tornado,3
MS,1983,Severe Storm(s),31
MS,1984,Flood,1
MS,1984,Tornado,6
MS,1985,Hurricane,4
MS,1987,Severe Storm(s),1
MS,1990,Severe Storm(s),35
MS,1991,Flood,18
MS,1991,Severe Storm(s),54
MS,1992,Tornado,4
MS,1993,Tornado,22
MS,1994,Severe Storm(s),26
MS,1995,Severe Storm(s),4
MS,1997,Flood,4
MS,1998,Hurricane,35
MS,1999,Severe Ice Storm,34
MS,2001,Severe Storm(s),61
MS,2002,Hurricane,11
MS,2002,Severe Storm(s),23
MS,2003,Severe Storm(s),46
MS,2004,Hurricane,44
MS,2005,Hurricane,135
MS,2008,Hurricane,104
MS,2008,Severe Storm(s),5
MS,2009,Severe Storm(s),11
MS,2010,Severe Storm(s),18
MS,2011,Flood,28
MS,2011,Severe Storm(s),40
MS,2012,Hurricane,83
MS,2013,Severe Storm(s),7
MS,2014,Severe Storm(s),13
MS,2015,Tornado,1
MS,2016,Flood,29
MS,2016,Severe Storm(s),12
MS,2017,Severe Storm(s),9
MS,2017,Tornado,4
MS,2018,Hurricane,12
MS,2019,Severe Storm(s),50
MS,2020,Biological,166
MS,2020,Hurricane,48
MS,2020,Severe Storm(s),87
MS,2021,Hurricane,133
MS,2021,Severe Ice Storm,37
MS,2022,Hurricane,82
MT,1953,Flood,1
MT,1964,Flood,1
MT,1965,Snow,1
MT,1973,Fire,3
MT,1974,Flood,7
MT,1975,Flood,14
MT,1977,Drought,6
MT,1977,Fire,1
MT,1978,Flood,7
MT,1979,Fire,1
MT,1981,Flood,10
MT,1984,Fire,3
MT,1986,Flood,16
MT,1987,Flood,7
MT,1994,Fire,2
MT,1996,Fire,1
MT,1996,Severe Storm(s),20
MT,1997,Severe Storm(s),23
MT,1999,Fire,1
MT,2000,Fire,74
MT,2001,Severe Storm(s),12
MT,2002,Severe Storm(s),6
MT,2003,Fire,10
MT,2005,Hurricane,56
MT,2006,Fire,4
MT,2007,Fire,4
MT,2008,Severe Storm(s),4
MT,2009,Fire,1
MT,2010,Severe Storm(s),3
MT,2011,Fire,1
MT,2011,Severe Storm(s),55
MT,2012,Fire,9
MT,2013,Fire,2
MT,2013,Flood,15
MT,2014,Flood,15
MT,2015,Severe Storm(s),6
MT,2016,Fire,1
MT,2016,Severe Storm(s),5
MT,2016,Tornado,1
MT,2017,Fire,14
MT,2018,Flood,7
MT,2019,Fire,1
MT,2019,Flood,17
MT,2020,Biological,129
MT,2020,Fire,9
MT,2021,Fire,7
MT,2021,Other,6
NC,1955,Hurricane,2
NC,1956,Severe Storm(s),1
NC,1958,Hurricane,1
NC,1960,Hurricane,1
NC,1962,Flood,1
NC,1965,Flood,1
NC,1968,Severe Ice Storm,21
NC,1973,Flood,9
NC,1974,Tornado,6
NC,1977,Drought,49
NC,1977,Snow,30
NC,1978,Flood,16
NC,1979,Flood,1
NC,1984,Hurricane,6
NC,1984,Tornado,14
NC,1986,Fire,1
NC,1989,Hurricane,29
NC,1989,Tornado,22
NC,1993,Hurricane,1
NC,1993,Snow,59
NC,1996,Flood,15
NC,1996,Hurricane,75
NC,1996,Snow,104
NC,1998,Hurricane,30
NC,1998,Severe Storm(s),17
NC,1999,Hurricane,149
NC,2000,Severe Storm(s),33
NC,2003,Hurricane,49
NC,2003,Severe Ice Storm,54
NC,2004,Hurricane,64
NC,2005,Hurricane,137
NC,2006,Hurricane,10
NC,2008,Fire,3
NC,2009,Severe Storm(s),4
NC,2010,Hurricane,30
NC,2010,Severe Storm(s),14
NC,2011,Fire,2
NC,2011,Hurricane,72
NC,2011,Severe Storm(s),34
NC,2013,Flood,14
NC,2013,Mud/Landslide,1
NC,2014,Flood,6
NC,2014,Severe Ice Storm,9
NC,2017,Fire,4
NC,2017,Hurricane,116
NC,2018,Hurricane,153
NC,2018,Severe Storm(s),2
NC,2019,Hurricane,122
NC,2020,Biological,207
NC,2020,Hurricane,129
NC,2020,Severe Storm(s),19
NC,2021,Hurricane,27
NC,2021,Severe Storm(s),19
ND,1957,Tornado,1
ND,1965,Flood,10
ND,1966,Flood,24
ND,1969,Flood,46
ND,1970,Flood,21
ND,1972,Flood,7
ND,1974,Flood,18
ND,1975,Flood,28
ND,1976,Drought,18
ND,1976,Flood,10
ND,1978,Flood,25
ND,1978,Snow,9
ND,1978,Tornado,1
ND,1979,Flood,42
ND,1982,Flood,3
ND,1989,Flood,6
ND,1993,Flood,39
ND,1994,Severe Storm(s),25
ND,1995,Severe Storm(s),32
ND,1996,Severe Storm(s),33
ND,1997,Flood,53
ND,1997,Severe Storm(s),53
ND,1998,Flood,16
ND,1999,Flood,46
ND,2000,Severe Storm(s),43
ND,2001,Flood,38
ND,2001,Tornado,9
ND,2002,Fire,1
ND,2002,Severe Storm(s),6
ND,2003,Severe Storm(s),1
ND,2004,Severe Storm(s),22
ND,2004,Snow,10
ND,2005,Coastal Storm,53
ND,2005,Severe Storm(s),29
ND,2006,Severe Storm(s),16
ND,2006,Snow,21
ND,2007,Severe Storm(s),16
ND,2009,Severe Storm(s),52
ND,2010,Flood,49
ND,2010,Severe Storm(s),39
ND,2011,Flood,70
ND,2011,Severe Storm(s),9
ND,2013,Flood,24
ND,2013,Severe Storm(s),21
ND,2014,Flood,10
ND,2014,Severe Storm(s),7
ND,2017,Flood,11
ND,2019,Flood,19
ND,2020,Biological,117
ND,2020,Flood,38
ND,2021,Severe Storm(s),15
NE,1960,Flood,1
NE,1962,Flood,2
NE,1963,Flood,1
NE,1964,Flood,1
NE,1966,Flood,8
NE,1967,Flood,56
NE,1971,Flood,28
NE,1974,Flood,15
NE,1975,Tornado,2
NE,1976,Severe Ice Storm,20
NE,1977,Drought,2
NE,1978,Flood,21
NE,1980,Tornado,3
NE,1984,Tornado,25
NE,1990,Severe Storm(s),23
NE,1991,Flood,7
NE,1992,Flood,8
NE,1993,Flood,65
NE,1994,Snow,15
NE,1996,Severe Storm(s),4
NE,1998,Severe Storm(s),39
NE,1999,Severe Storm(s),3
NE,2001,Severe Storm(s),28
NE,2002,Severe Storm(s),1
NE,2003,Severe Storm(s),19
NE,2004,Severe Storm(s),39
NE,2005,Hurricane,93
NE,2005,Severe Storm(s),11
NE,2006,Fire,3
NE,2006,Severe Storm(s),29
NE,2007,Severe Storm(s),99
NE,2008,Severe Ice Storm,8
NE,2008,Severe Storm(s),71
NE,2009,Severe Storm(s),17
NE,2010,Flood,37
NE,2010,Severe Storm(s),126
NE,2011,Fire,1
NE,2011,Flood,35
NE,2011,Severe Storm(s),19
NE,2012,Fire,3
NE,2014,Severe Storm(s),34
NE,2014,Tornado,6
NE,2015,Severe Storm(s),28
NE,2017,Severe Storm(s),29
NE,2018,Severe Storm(s),11
NE,2018,Snow,31
NE,2019,Flood,91
NE,2020,Biological,205
NE,2021,Severe Storm(s),15
NE,2022,Severe Storm(s),26
NH,1953,Fire,1
NH,1972,Coastal Storm,1
NH,1973,Flood,10
NH,1974,Flood,4
NH,1978,Flood,1
NH,1979,Flood,1
NH,1986,Flood,3
NH,1987,Flood,8
NH,1990,Flood,8
NH,1991,Hurricane,4
NH,1992,Coastal Storm,1
NH,1993,Snow,10
NH,1996,Flood,6
NH,1997,Flood,6
NH,1998,Severe Storm(s),16
NH,2000,Hurricane,3
NH,2001,Snow,7
NH,2003,Severe Storm(s),2
NH,2003,Snow,5
NH,2004,Snow,8
NH,2005,Hurricane,10
NH,2005,Snow,19
NH,2006,Severe Storm(s),13
NH,2007,Severe Storm(s),10
NH,2008,Severe Storm(s),9
NH,2009,Severe Ice Storm,10
NH,2009,Severe Storm(s),12
NH,2010,Severe Storm(s),8
NH,2011,Flood,2
NH,2011,Hurricane,17
NH,2012,Severe Storm(s),13
NH,2013,Hurricane,16
NH,2013,Severe Storm(s),11
NH,2015,Severe Storm(s),3
NH,2016,Fire,1
NH,2017,Severe Storm(s),4
NH,2018,Coastal Storm,1
NH,2018,Severe Storm(s),6
NH,2018,Snow,3
NH,2019,Severe Storm(s),1
NH,2020,Biological,20
NH,2021,Severe Storm(s),1
NH,2022,Flood,3
NJ,1955,Hurricane,1
NJ,1962,Flood,1
NJ,1965,Drought,21
NJ,1968,Flood,7
NJ,1971,Flood,21
NJ,1973,Flood,4
NJ,1975,Coastal Storm,1
NJ,1975,Flood,13
NJ,1976,Flood,4
NJ,1977,Severe Ice Storm,10
NJ,1981,Drought,21
NJ,1984,Flood,8
NJ,1986,Hurricane,4
NJ,1992,Severe Storm(s),5
NJ,1993,Flood,12
NJ,1993,Snow,21
NJ,1996,Snow,21
NJ,1997,Severe Storm(s),6
NJ,1998,Coastal Storm,3
NJ,1999,Hurricane,30
NJ,2000,Severe Storm(s),2
NJ,2001,Fire,21
NJ,2001,Other,21
NJ,2002,Fire,1
NJ,2003,Other,5
NJ,2003,Snow,21
NJ,2004,Severe Storm(s),6
NJ,2005,Hurricane,21
NJ,2005,Severe Storm(s),9
NJ,2006,Severe Storm(s),4
NJ,2007,Fire,2
NJ,2007,Severe Storm(s),15
NJ,2010,Severe Storm(s),19
NJ,2010,Snow,14
NJ,2011,Hurricane,42
NJ,2011,Severe Storm(s),3
NJ,2011,Snow,15
NJ,2012,Severe Storm(s),19
NJ,2013,Hurricane,42
NJ,2015,Severe Storm(s),4
NJ,2016,Severe Storm(s),17
NJ,2018,Severe Storm(s),6
NJ,2020,Biological,44
NJ,2021,Hurricane,53
NJ,2021,Snow,5
NM,1955,Flood,2
NM,1965,Flood,4
NM,1972,Flood,3
NM,1973,Flood,14
NM,1974,Fire,1
NM,1977,Drought,8
NM,1977,Fire,1
NM,1979,Flood,11
NM,1984,Flood,6
NM,1985,Flood,5
NM,1992,Flood,1
NM,1993,Flood,4
NM,1996,Fire,1
NM,1998,Fire,2
NM,1998,Severe Storm(s),10
NM,1999,Severe Storm(s),8
NM,2000,Fire,60
NM,2001,Fire,2
NM,2002,Fire,10
NM,2003,Fire,2
NM,2004,Fire,2
NM,2004,Severe Storm(s),4
NM,2005,Hurricane,33
NM,2006,Fire,7
NM,2006,Severe Storm(s),20
NM,2007,Fire,1
NM,2007,Severe Storm(s),2
NM,2008,Fire,3
NM,2008,Severe Storm(s),2
NM,2009,Fire,1
NM,2010,Fire,2
NM,2010,Flood,7
NM,2011,Fire,15
NM,2011,Severe Storm(s),15
NM,2012,Fire,5
NM,2012,Flood,11
NM,2013,Fire,1
NM,2013,Severe Storm(s),12
NM,2014,Flood,26
NM,2014,Severe Storm(s),1
NM,2015,Severe Storm(s),16
NM,2016,Fire,3
NM,2017,Fire,1
NM,2018,Fire,2
NM,2018,Flood,1
NM,2019,Fire,1
NM,2020,Biological,150
NM,2021,Fire,1
NV,1954,Earthquake,1
NV,1955,Flood,1
NV,1956,Flood,2
NV,1962,Flood,1
NV,1963,Flood,1
NV,1965,Flood,4
NV,1969,Flood,1
NV,1977,Drought,5
NV,1979,Fire,1
NV,1981,Fire,1
NV,1981,Flood,1
NV,1983,Fire,1
NV,1984,Flood,1
NV,1986,Flood,6
NV,1994,Fire,1
NV,1996,Fire,4
NV,1997,Severe Storm(s),7
NV,1999,Fire,5
NV,1999,Severe Storm(s),1
NV,2000,Fire,3
NV,2001,Fire,2
NV,2002,Fire,4
NV,2003,Fire,4
NV,2004,Fire,6
NV,2005,Fire,6
NV,2005,Hurricane,17
NV,2005,Severe Storm(s),2
NV,2005,Snow,31
NV,2006,Fire,7
NV,2006,Severe Storm(s),8
NV,2007,Fire,6
NV,2008,Severe Storm(s),1
NV,2009,Fire,1
NV,2010,Fire,1
NV,2011,Fire,1
NV,2012,Fire,4
NV,2013,Fire,1
NV,2015,Flood,1
NV,2016,Fire,2
NV,2017,Fire,5
NV,2017,Severe Storm(s),15
NV,2018,Fire,1
NV,2019,Fire,3
NV,2020,Biological,88
NV,2020,Fire,5
NV,2021,Fire,3
NY,1955,Hurricane,2
NY,1956,Flood,1
NY,1962,Flood,1
NY,1963,Flood,1
NY,1965,Drought,14
NY,1968,Flood,2
NY,1969,Flood,1
NY,1970,Flood,4
NY,1971,Flood,13
NY,1972,Flood,26
NY,1973,Flood,14
NY,1974,Flood,4
NY,1975,Flood,1
NY,1976,Flood,25
NY,1976,Hurricane,3
NY,1976,Severe Ice Storm,7
NY,1977,Snow,18
NY,1978,Toxic Substances,1
NY,1980,Toxic Substances,1
NY,1984,Flood,15
NY,1985,Flood,2
NY,1985,Snow,2
NY,1986,Hurricane,2
NY,1987,Flood,5
NY,1988,Snow,9
NY,1991,Hurricane,1
NY,1991,Snow,13
NY,1993,Flood,5
NY,1993,Human Cause,1
NY,1993,Snow,62
NY,1995,Fire,1
NY,1996,Flood,41
NY,1996,Snow,19
NY,1997,Severe Storm(s),16
NY,1998,Severe Storm(s),32
NY,1998,Snow,10
NY,1999,Fire,1
NY,1999,Hurricane,19
NY,1999,Snow,16
NY,2000,Severe Storm(s),28
NY,2001,Fire,62
NY,2001,Other,61
NY,2001,Snow,3
NY,2002,Earthquake,6
NY,2002,Snow,7
NY,2003,Other,65
NY,2003,Severe Ice Storm,16
NY,2003,Severe Storm(s),17
NY,2003,Snow,42
NY,2004,Severe Storm(s),89
NY,2004,Snow,4
NY,2005,Hurricane,62
NY,2005,Severe Storm(s),21
NY,2006,Severe Storm(s),21
NY,2007,Severe Storm(s),32
NY,2007,Snow,7
NY,2009,Severe Storm(s),31
NY,2010,Severe Storm(s),11
NY,2011,Flood,23
NY,2011,Hurricane,49
NY,2011,Severe Storm(s),40
NY,2011,Tornado,3
NY,2013,Flood,16
NY,2013,Hurricane,76
NY,2013,Severe Storm(s),1
NY,2014,Severe Storm(s),11
NY,2015,Snow,9
NY,2017,Snow,28
NY,2018,Flood,15
NY,2020,Biological,130
NY,2020,Severe Storm(s),18
NY,2021,Hurricane,62
NY,2022,Hurricane,9
OH,1956,Other,1
OH,1959,Flood,1
OH,1964,Flood,1
OH,1965,Tornado,15
OH,1968,Flood,28
OH,1968,Tornado,5
OH,1969,Tornado,26
OH,1972,Flood,7
OH,1973,Flood,13
OH,1973,Mud/Landslide,2
OH,1974,Flood,4
OH,1974,Tornado,14
OH,1975,Flood,4
OH,1977,Snow,47
OH,1978,Snow,88
OH,1980,Flood,7
OH,1981,Severe Storm(s),4
OH,1982,Flood,5
OH,1985,Tornado,6
OH,1987,Flood,4
OH,1989,Flood,13
OH,1990,Severe Storm(s),25
OH,1992,Severe Storm(s),24
OH,1995,Severe Storm(s),11
OH,1996,Flood,29
OH,1997,Severe Storm(s),18
OH,1998,Severe Storm(s),23
OH,2000,Severe Storm(s),9
OH,2001,Severe Storm(s),4
OH,2003,Other,13
OH,2003,Severe Storm(s),61
OH,2003,Tornado,15
OH,2004,Severe Storm(s),127
OH,2005,Hurricane,88
OH,2005,Severe Storm(s),62
OH,2005,Snow,26
OH,2006,Severe Storm(s),9
OH,2007,Severe Storm(s),8
OH,2008,Snow,20
OH,2009,Severe Storm(s),33
OH,2011,Severe Storm(s),21
OH,2012,Severe Storm(s),127
OH,2013,Hurricane,2
OH,2018,Flood,22
OH,2019,Flood,21
OH,2019,Tornado,12
OH,2020,Biological,176
OK,1955,Flood,1
OK,1956,Tornado,1
OK,1957,Flood,1
OK,1959,Flood,1
OK,1960,Flood,1
OK,1960,Severe Storm(s),1
OK,1968,Flood,5
OK,1971,Fire,1
OK,1971,Flood,6
OK,1971,Severe Storm(s),15
OK,1972,Flood,12
OK,1973,Severe Storm(s),31
OK,1974,Flood,46
OK,1975,Flood,13
OK,1975,Severe Storm(s),10
OK,1976,Flood,2
OK,1976,Tornado,4
OK,1977,Fire,1
OK,1979,Tornado,6
OK,1982,Flood,15
OK,1983,Flood,1
OK,1984,Flood,22
OK,1984,Tornado,8
OK,1987,Flood,57
OK,1990,Severe Storm(s),39
OK,1991,Tornado,6
OK,1993,Severe Storm(s),44
OK,1993,Tornado,4
OK,1994,Severe Storm(s),1
OK,1995,Human Cause,2
OK,1995,Severe Storm(s),17
OK,1995,Tornado,29
OK,1996,Fire,14
OK,1998,Fire,3
OK,1999,Tornado,19
OK,2000,Fire,3
OK,2001,Severe Ice Storm,104
OK,2001,Severe Storm(s),59
OK,2002,Severe Ice Storm,45
OK,2002,Severe Storm(s),3
OK,2003,Fire,1
OK,2003,Severe Ice Storm,14
OK,2003,Severe Storm(s),27
OK,2005,Hurricane,77
OK,2006,Fire,110
OK,2006,Severe Storm(s),1
OK,2007,Severe Ice Storm,77
OK,2007,Severe Storm(s),170
OK,2008,Fire,3
OK,2008,Flood,24
OK,2008,Severe Ice Storm,102
OK,2008,Severe Storm(s),44
OK,2009,Fire,15
OK,2009,Severe Storm(s),26
OK,2009,Snow,4
OK,2010,Severe Ice Storm,50
OK,2010,Severe Storm(s),154
OK,2011,Fire,26
OK,2011,Severe Storm(s),120
OK,2012,Fire,10
OK,2012,Severe Storm(s),5
OK,2013,Severe Storm(s),17
OK,2013,Tornado,21
OK,2014,Fire,1
OK,2014,Severe Storm(s),4
OK,2015,Severe Storm(s),63
OK,2016,Fire,5
OK,2016,Flood,8
OK,2016,Severe Ice Storm,21
OK,2016,Severe Storm(s),42
OK,2017,Fire,7
OK,2017,Severe Storm(s),32
OK,2017,Tornado,16
OK,2018,Fire,8
OK,2019,Flood,10
OK,2019,Severe Storm(s),71
OK,2020,Biological,239
OK,2020,Fire,3
OK,2021,Severe Ice Storm,183
OK,2022,Fire,1
OR,1956,Flood,2
OR,1957,Flood,1
OR,1963,Flood,1
OR,1963,Severe Storm(s),1
OR,1965,Flood,36
OR,1971,Flood,2
OR,1972,Flood,10
OR,1973,Fire,5
OR,1974,Flood,19
OR,1977,Drought,19
OR,1978,Fire,1
OR,1979,Fire,3
OR,1981,Fire,2
OR,1984,Fire,1
OR,1987,Fire,4
OR,1988,Fire,2
OR,1990,Fire,1
OR,1990,Flood,2
OR,1992,Fire,4
OR,1993,Earthquake,4
OR,1994,Earthquake,1
OR,1994,Fire,1
OR,1994,Fishing Losses,8
OR,1995,Flood,1
OR,1996,Fire,2
OR,1996,Flood,27
OR,1996,Severe Storm(s),10
OR,1997,Flood,3
OR,1997,Severe Storm(s),14
OR,1998,Flood,1
OR,2001,Fire,2
OR,2002,Fire,10
OR,2002,Severe Storm(s),5
OR,2003,Fire,5
OR,2004,Fire,2
OR,2004,Severe Storm(s),30
OR,2005,Coastal Storm,36
OR,2005,Fire,1
OR,2006,Fire,2
OR,2006,Severe Storm(s),20
OR,2007,Fire,2
OR,2007,Severe Storm(s),14
OR,2008,Fire,1
OR,2008,Severe Storm(s),12
OR,2009,Fire,3
OR,2009,Severe Storm(s),10
OR,2011,Severe Storm(s),6
OR,2011,Tsunami,3
OR,2012,Flood,12
OR,2013,Fire,6
OR,2014,Fire,6
OR,2014,Severe Storm(s),4
OR,2015,Fire,6
OR,2016,Fire,2
OR,2016,Severe Storm(s),14
OR,2017,Fire,5
OR,2017,Severe Storm(s),6
OR,2018,Fire,8
OR,2019,Fire,1
OR,2019,Flood,6
OR,2019,Severe Storm(s),5
OR,2020,Biological,83
OR,2020,Fire,52
OR,2020,Flood,4
OR,2021,Fire,4
OR,2021,Severe Storm(s),7
PA,1955,Flood,1
PA,1956,Flood,1
PA,1956,Severe Storm(s),2
PA,1959,Flood,1
PA,1965,Drought,13
PA,1969,Flood,4
PA,1971,Flood,7
PA,1972,Flood,68
PA,1973,Flood,10
PA,1975,Flood,30
PA,1976,Flood,2
PA,1977,Flood,29
PA,1977,Snow,21
PA,1980,Flood,3
PA,1980,Tornado,4
PA,1981,Flood,5
PA,1984,Flood,7
PA,1985,Tornado,11
PA,1986,Flood,7
PA,1986,Hurricane,6
PA,1993,Snow,67
PA,1994,Severe Storm(s),44
PA,1996,Flood,88
PA,1996,Snow,51
PA,1997,Flood,1
PA,1998,Severe Storm(s),7
PA,1999,Flood,5
PA,1999,Hurricane,8
PA,1999,Severe Storm(s),2
PA,2001,Severe Storm(s),3
PA,2003,Severe Storm(s),52
PA,2004,Hurricane,67
PA,2004,Severe Storm(s),74
PA,2005,Hurricane,67
PA,2005,Severe Storm(s),11
PA,2006,Severe Storm(s),28
PA,2007,Severe Storm(s),8
PA,2010,Snow,27
PA,2011,Flood,76
PA,2011,Hurricane,27
PA,2011,Severe Storm(s),5
PA,2013,Hurricane,86
PA,2013,Severe Storm(s),11
PA,2014,Severe Ice Storm,7
PA,2016,Snow,23
PA,2017,Flood,4
PA,2019,Severe Storm(s),11
PA,2020,Biological,134
PA,2021,Hurricane,13
PR,1956,Hurricane,1
PR,1964,Drought,1
PR,1971,Flood,60
PR,1974,Drought,24
PR,1975,Flood,130
PR,1979,Hurricane,72
PR,1985,Flood,20
PR,1986,Flood,79
PR,1988,Flood,32
PR,1989,Hurricane,57
PR,1992,Flood,35
PR,1995,Hurricane,14
PR,1996,Hurricane,71
PR,1997,Other,1
PR,1998,Hurricane,80
PR,2000,Hurricane,78
PR,2001,Severe Storm(s),15
PR,2002,Severe Storm(s),13
PR,2004,Severe Storm(s),109
PR,2006,Severe Storm(s),17
PR,2008,Severe Storm(s),26
PR,2010,Fire,5
PR,2010,Severe Storm(s),10
PR,2011,Hurricane,134
PR,2011,Severe Storm(s),34
PR,2012,Hurricane,3
PR,2017,Hurricane,198
PR,2019,Severe Storm(s),78
PR,2020,Biological,156
PR,2020,Earthquake,112
PR,2020,Hurricane,160
PR,2021,Flood,1
PR,2022,Flood,6
PW,1991,Typhoon,1
RI,1954,Hurricane,1
RI,1955,Hurricane,1
RI,1978,Snow,10
RI,1986,Hurricane,5
RI,1991,Hurricane,5
RI,1992,Toxic Substances,2
RI,1993,Snow,5
RI,1996,Snow,5
RI,1997,Other,2
RI,2003,Snow,2
RI,2005,Hurricane,5
RI,2005,Snow,5
RI,2007,Severe Storm(s),1
RI,2010,Severe Storm(s),10
RI,2011,Hurricane,11
RI,2013,Hurricane,9
RI,2013,Severe Storm(s),5
RI,2015,Severe Storm(s),5
RI,2020,Biological,13
RI,2021,Hurricane,6
SC,1955,Hurricane,2
SC,1977,Drought,31
SC,1984,Tornado,7
SC,1989,Hurricane,24
SC,1991,Flood,13
SC,1996,Flood,5
SC,1998,Hurricane,1
SC,1999,Hurricane,54
SC,2000,Severe Storm(s),38
SC,2002,Fire,2
SC,2003,Severe Ice Storm,6
SC,2004,Hurricane,2
SC,2004,Severe Ice Storm,26
SC,2004,Severe Storm(s),3
SC,2005,Hurricane,74
SC,2006,Severe Ice Storm,7
SC,2009,Fire,1
SC,2014,Severe Ice Storm,68
SC,2016,Flood,36
SC,2016,Severe Storm(s),47
SC,2017,Fire,2
SC,2017,Hurricane,120
SC,2018,Hurricane,113
SC,2019,Hurricane,59
SC,2020,Biological,94
SC,2020,Severe Storm(s),20
SD,1954,Flood,1
SD,1960,Flood,1
SD,1962,Flood,1
SD,1965,Flood,4
SD,1969,Flood,26
SD,1972,Flood,4
SD,1974,Fire,1
SD,1975,Fire,1
SD,1976,Drought,62
SD,1976,Flood,4
SD,1984,Flood,16
SD,1985,Fire,2
SD,1986,Flood,25
SD,1987,Fire,1
SD,1988,Fire,1
SD,1990,Fire,1
SD,1992,Severe Storm(s),8
SD,1993,Severe Storm(s),39
SD,1994,Fire,1
SD,1994,Severe Storm(s),21
SD,1995,Flood,53
SD,1995,Snow,21
SD,1996,Snow,26
SD,1997,Flood,66
SD,1997,Severe Storm(s),77
SD,1998,Flood,9
SD,1999,Tornado,2
SD,2000,Fire,2
SD,2000,Severe Storm(s),5
SD,2001,Fire,1
SD,2001,Flood,24
SD,2002,Fire,3
SD,2004,Fire,1
SD,2004,Severe Storm(s),10
SD,2005,Coastal Storm,66
SD,2005,Fire,3
SD,2005,Severe Storm(s),7
SD,2006,Fire,1
SD,2006,Severe Storm(s),32
SD,2007,Fire,2
SD,2007,Severe Storm(s),27
SD,2008,Severe Storm(s),30
SD,2008,Snow,6
SD,2009,Severe Storm(s),16
SD,2009,Snow,17
SD,2010,Flood,37
SD,2010,Severe Storm(s),66
SD,2011,Flood,40
SD,2011,Severe Storm(s),5
SD,2012,Fire,2
SD,2013,Severe Storm(s),22
SD,2014,Flood,13
SD,2014,Severe Storm(s),16
SD,2015,Severe Storm(s),15
SD,2017,Severe Storm(s),27
SD,2018,Fire,2
SD,2019,Flood,89
SD,2019,Severe Storm(s),1
SD,2020,Biological,286
SD,2020,Severe Storm(s),33
SD,2021,Fire,1
SD,2022,Fire,1
TN,1963,Flood,1
TN,1969,Flood,6
TN,1971,Tornado,3
TN,1972,Flood,4
TN,1973,Flood,65
TN,1974,Tornado,45
TN,1975,Flood,46
TN,1977,Flood,6
TN,1978,Flood,6
TN,1979,Severe Storm(s),14
TN,1982,Flood,6
TN,1984,Flood,10
TN,1990,Flood,3
TN,1991,Flood,31
TN,1993,Snow,57
TN,1994,Flood,17
TN,1994,Severe Storm(s),71
TN,1995,Tornado,5
TN,1997,Severe Storm(s),6
TN,1997,Tornado,29
TN,1998,Severe Storm(s),84
TN,1999,Fire,3
TN,1999,Severe Storm(s),75
TN,2000,Severe Storm(s),15
TN,2001,Fire,7
TN,2001,Severe Storm(s),8
TN,2002,Fire,7
TN,2002,Severe Storm(s),37
TN,2003,Severe Storm(s),125
TN,2005,Hurricane,95
TN,2005,Severe Storm(s),15
TN,2006,Severe Storm(s),15
TN,2008,Severe Storm(s),19
TN,2009,Severe Ice Storm,7
TN,2009,Severe Storm(s),14
TN,2010,Severe Storm(s),59
TN,2011,Flood,4
TN,2011,Severe Storm(s),99
TN,2012,Severe Storm(s),10
TN,2014,Severe Ice Storm,10
TN,2014,Severe Storm(s),23
TN,2015,Severe Ice Storm,45
TN,2017,Fire,7
TN,2017,Severe Storm(s),14
TN,2019,Flood,59
TN,2020,Biological,190
TN,2020,Severe Storm(s),39
TN,2020,Tornado,6
TN,2021,Flood,5
TN,2021,Other,1
TN,2021,Severe Ice Storm,13
TN,2021,Tornado,24
TN,2022,Severe Storm(s),8
TN,2022,Tornado,24
TX,1953,Flood,1
TX,1953,Tornado,1
TX,1954,Flood,1
TX,1957,Hurricane,1
TX,1958,Tornado,1
TX,1959,Flood,1
TX,1960,Severe Storm(s),1
TX,1961,Hurricane,1
TX,1963,Hurricane,1
TX,1965,Tornado,7
TX,1966,Flood,27
TX,1967,Hurricane,29
TX,1968,Flood,5
TX,1970,Hurricane,7
TX,1970,Tornado,11
TX,1971,Flood,15
TX,1972,Flood,13
TX,1973,Flood,17
TX,1973,Severe Storm(s),5
TX,1975,Flood,11
TX,1975,Tornado,1
TX,1976,Flood,1
TX,1978,Flood,8
TX,1979,Flood,14
TX,1979,Severe Storm(s),7
TX,1979,Tornado,5
TX,1980,Flood,2
TX,1980,Hurricane,12
TX,1981,Flood,1
TX,1982,Flood,10
TX,1982,Tornado,1
TX,1983,Hurricane,9
TX,1984,Freezing,6
TX,1985,Flood,4
TX,1986,Tornado,2
TX,1987,Tornado,2
TX,1988,Fire,1
TX,1988,Tornado,10
TX,1989,Flood,18
TX,1989,Hurricane,3
TX,1989,Severe Storm(s),87
TX,1990,Freezing,10
TX,1990,Severe Storm(s),64
TX,1991,Severe Storm(s),5
TX,1992,Flood,68
TX,1992,Severe Storm(s),26
TX,1992,Tornado,3
TX,1993,Drought,149
TX,1993,Fire,3
TX,1993,Tornado,1
TX,1994,Fire,1
TX,1994,Severe Storm(s),3
TX,1995,Flood,38
TX,1995,Severe Storm(s),1
TX,1996,Fire,104
TX,1997,Flood,21
TX,1998,Fire,31
TX,1998,Severe Storm(s),262
TX,1999,Fire,237
TX,1999,Flood,43
TX,1999,Hurricane,13
TX,1999,Tornado,4
TX,2000,Fire,19
TX,2000,Tornado,1
TX,2001,Coastal Storm,31
TX,2001,Fire,3
TX,2001,Severe Ice Storm,46
TX,2002,Coastal Storm,11
TX,2002,Flood,41
TX,2003,Hurricane,18
TX,2003,Other,54
TX,2003,Severe Storm(s),18
TX,2005,Hurricane,763
TX,2006,Fire,275
TX,2006,Severe Storm(s),2
TX,2007,Fire,1
TX,2007,Hurricane,32
TX,2007,Severe Storm(s),83
TX,2008,Fire,254
TX,2008,Hurricane,216
TX,2008,Severe Storm(s),6
TX,2009,Fire,16
TX,2010,Hurricane,46
TX,2011,Fire,261
TX,2012,Fire,1
TX,2013,Other,2
TX,2014,Fire,1
TX,2014,Severe Storm(s),4
TX,2015,Severe Storm(s),113
TX,2016,Fire,1
TX,2016,Flood,94
TX,2016,Severe Storm(s),73
TX,2017,Hurricane,53
TX,2018,Fire,6
TX,2018,Flood,3
TX,2019,Fire,1
TX,2019,Flood,39
TX,2020,Biological,515
TX,2020,Flood,7
TX,2020,Hurricane,94
TX,2021,Hurricane,5
TX,2021,Severe Ice Storm,508
TX,2022,Fire,5
UT,1977,Drought,27
UT,1983,Flood,22
UT,1984,Flood,12
UT,1986,Flood,4
UT,1989,Flood,1
UT,1994,Fire,2
UT,1999,Tornado,1
UT,2001,Fire,1
UT,2002,Fire,1
UT,2003,Fire,1
UT,2004,Fire,1
UT,2005,Coastal Storm,29
UT,2005,Fire,1
UT,2005,Flood,9
UT,2005,Severe Storm(s),2
UT,2007,Fire,5
UT,2009,Fire,1
UT,2010,Fire,1
UT,2011,Flood,22
UT,2012,Fire,5
UT,2012,Severe Storm(s),1
UT,2013,Fire,1
UT,2013,Flood,1
UT,2014,Fire,1
UT,2016,Fire,1
UT,2017,Fire,3
UT,2017,Flood,2
UT,2018,Fire,4
UT,2019,Fire,1
UT,2020,Biological,72
UT,2020,Earthquake,2
UT,2020,Fire,4
UT,2021,Fire,4
UT,2021,Severe Storm(s),4
VA,1957,Flood,1
VA,1962,Flood,1
VA,1963,Flood,1
VA,1969,Hurricane,27
VA,1972,Flood,106
VA,1973,Flood,34
VA,1977,Drought,100
VA,1977,Flood,16
VA,1977,Freezing,39
VA,1978,Flood,8
VA,1979,Flood,2
VA,1984,Flood,3
VA,1986,Flood,52
VA,1990,Flood,1
VA,1992,Flood,28
VA,1993,Snow,136
VA,1994,Severe Storm(s),34
VA,1994,Snow,72
VA,1995,Severe Storm(s),24
VA,1996,Flood,27
VA,1996,Hurricane,88
VA,1996,Snow,136
VA,1998,Hurricane,5
VA,1999,Hurricane,68
VA,2000,Severe Storm(s),109
VA,2001,Fire,1
VA,2001,Severe Storm(s),10
VA,2001,Terrorist,1
VA,2002,Fire,7
VA,2002,Severe Storm(s),25
VA,2003,Hurricane,100
VA,2003,Severe Storm(s),39
VA,2004,Severe Storm(s),22
VA,2005,Hurricane,134
VA,2005,Severe Storm(s),10
VA,2006,Fire,1
VA,2006,Severe Storm(s),42
VA,2010,Severe Storm(s),12
VA,2010,Snow,88
VA,2011,Fire,2
VA,2011,Hurricane,78
VA,2012,Earthquake,10
VA,2012,Severe Storm(s),77
VA,2013,Hurricane,165
VA,2016,Snow,30
VA,2017,Hurricane,10
VA,2018,Hurricane,134
VA,2019,Hurricane,68
VA,2020,Biological,276
VA,2021,Severe Ice Storm,33
VA,2022,Flood,1
VA,2022,Severe Storm(s),29
VI,1964,Drought,1
VI,1971,Flood,2
VI,1974,Drought,2
VI,1975,Flood,3
VI,1977,Drought,3
VI,1979,Hurricane,3
VI,1983,Flood,2
VI,1985,Hurricane,3
VI,1989,Hurricane,3
VI,1995,Hurricane,3
VI,1996,Hurricane,3
VI,1998,Hurricane,5
VI,2000,Hurricane,6
VI,2004,Severe Storm(s),3
VI,2005,Hurricane,3
VI,2009,Hurricane,3
VI,2010,Hurricane,3
VI,2011,Severe Storm(s),4
VI,2017,Hurricane,12
VI,2019,Hurricane,3
VI,2020,Biological,6
VI,2020,Hurricane,3
VT,1964,Drought,1
VT,1964,Flood,1
VT,1969,Flood,2
VT,1973,Flood,14
VT,1976,Flood,12
VT,1977,Drought,1
VT,1984,Flood,5
VT,1989,Flood,5
VT,1990,Flood,5
VT,1992,Flood,5
VT,1993,Flood,4
VT,1995,Severe Storm(s),6
VT,1996,Flood,12
VT,1997,Flood,5
VT,1998,Severe Storm(s),17
VT,2000,Severe Storm(s),16
VT,2001,Severe Storm(s),2
VT,2001,Snow,9
VT,2002,Severe Storm(s),5
VT,2003,Severe Storm(s),4
VT,2004,Severe Storm(s),7
VT,2007,Severe Storm(s),13
VT,2008,Severe Storm(s),12
VT,2009,Severe Ice Storm,2
VT,2011,Hurricane,28
VT,2011,Severe Storm(s),15
VT,2012,Severe Storm(s),6
VT,2013,Flood,10
VT,2014,Flood,7
VT,2014,Severe Ice Storm,7
VT,2015,Severe Storm(s),12
VT,2017,Severe Storm(s),7
VT,2018,Severe Storm(s),15
VT,2019,Flood,6
VT,2020,Biological,28
VT,2020,Severe Storm(s),8
VT,2021,Flood,2
VT,2021,Hurricane,14
WA,1956,Flood,1
WA,1957,Flood,1
WA,1963,Flood,1
WA,1963,Severe Storm(s),1
WA,1965,Earthquake,6
WA,1965,Flood,21
WA,1970,Fire,1
WA,1971,Flood,7
WA,1972,Flood,15
WA,1974,Flood,13
WA,1976,Flood,12
WA,1977,Drought,16
WA,1978,Flood,18
WA,1979,Fire,1
WA,1979,Flood,1
WA,1980,Flood,9
WA,1980,Volcano,39
WA,1982,Flood,1
WA,1983,Flood,1
WA,1985,Fire,1
WA,1986,Flood,5
WA,1987,Flood,7
WA,1988,Fire,1
WA,1989,Flood,4
WA,1990,Flood,7
WA,1991,Flood,29
WA,1992,Fire,8
WA,1993,Severe Storm(s),7
WA,1994,Fire,4
WA,1994,Fishing Losses,6
WA,1996,Fire,1
WA,1996,Flood,24
WA,1996,Severe Storm(s),19
WA,1997,Fire,3
WA,1997,Flood,14
WA,1997,Severe Ice Storm,3
WA,1997,Severe Storm(s),38
WA,1998,Fire,3
WA,1999,Mud/Landslide,1
WA,1999,Severe Storm(s),2
WA,2000,Fire,4
WA,2001,Earthquake,24
WA,2001,Fire,8
WA,2002,Fire,2
WA,2003,Fire,3
WA,2004,Fire,5
WA,2004,Severe Storm(s),15
WA,2005,Coastal Storm,39
WA,2005,Fire,3
WA,2006,Fire,4
WA,2006,Severe Storm(s),11
WA,2007,Fire,3
WA,2007,Severe Storm(s),33
WA,2008,Fire,2
WA,2008,Severe Storm(s),12
WA,2009,Fire,4
WA,2009,Flood,23
WA,2009,Severe Storm(s),34
WA,2010,Fire,2
WA,2011,Fire,1
WA,2011,Severe Storm(s),7
WA,2012,Fire,10
WA,2012,Severe Storm(s),14
WA,2013,Fire,4
WA,2014,Fire,15
WA,2014,Mud/Landslide,5
WA,2015,Fire,32
WA,2016,Fire,13
WA,2016,Flood,10
WA,2016,Severe Storm(s),22
WA,2017,Fire,3
WA,2017,Flood,15
WA,2018,Fire,11
WA,2018,Flood,1
WA,2019,Severe Storm(s),8
WA,2020,Biological,107
WA,2020,Fire,14
WA,2020,Flood,15
WA,2021,Fire,22
WA,2021,Severe Storm(s),18
WA,2022,Fire,1
WA,2022,Flood,34
WI,1965,Tornado,20
WI,1969,Flood,21
WI,1972,Flood,4
WI,1973,Flood,34
WI,1974,Tornado,4
WI,1975,Severe Storm(s),4
WI,1976,Drought,66
WI,1976,Flood,22
WI,1978,Severe Storm(s),26
WI,1979,Snow,3
WI,1980,Fire,1
WI,1980,Flood,4
WI,1984,Flood,3
WI,1984,Tornado,2
WI,1986,Flood,2
WI,1987,Flood,8
WI,1990,Flood,1
WI,1990,Severe Storm(s),17
WI,1991,Severe Storm(s),5
WI,1992,Flood,10
WI,1992,Tornado,2
WI,1993,Severe Storm(s),47
WI,1996,Flood,2
WI,1997,Severe Storm(s),4
WI,1998,Severe Storm(s),19
WI,1999,Flood,10
WI,2000,Severe Storm(s),30
WI,2001,Flood,32
WI,2001,Snow,14
WI,2002,Severe Storm(s),8
WI,2002,Tornado,19
WI,2004,Severe Storm(s),44
WI,2005,Hurricane,73
WI,2007,Severe Storm(s),14
WI,2008,Severe Storm(s),31
WI,2008,Snow,11
WI,2010,Severe Storm(s),3
WI,2011,Severe Storm(s),9
WI,2011,Snow,11
WI,2012,Severe Storm(s),4
WI,2013,Severe Storm(s),8
WI,2016,Severe Storm(s),9
WI,2017,Flood,10
WI,2018,Flood,6
WI,2018,Severe Storm(s),11
WI,2019,Flood,34
WI,2020,Biological,167
WI,2020,Flood,3
WV,1954,Flood,1
WV,1957,Flood,1
WV,1961,Flood,1
WV,1962,Flood,1
WV,1963,Flood,1
WV,1964,Flood,1
WV,1967,Flood,36
WV,1969,Flood,1
WV,1969,Hurricane,3
WV,1972,Flood,26
WV,1974,Flood,9
WV,1975,Flood,2
WV,1977,Drought,21
WV,1977,Flood,14
WV,1979,Flood,5
WV,1980,Flood,15
WV,1984,Flood,4
WV,1986,Flood,29
WV,1993,Snow,55
WV,1995,Severe Storm(s),3
WV,1996,Fire,10
WV,1996,Flood,45
WV,1996,Severe Storm(s),10
WV,1996,Snow,55
WV,1997,Flood,16
WV,1998,Severe Storm(s),21
WV,2000,Flood,26
WV,2001,Severe Storm(s),24
WV,2002,Fire,14
WV,2002,Severe Storm(s),8
WV,2003,Hurricane,10
WV,2003,Severe Storm(s),69
WV,2004,Severe Storm(s),84
WV,2005,Hurricane,55
WV,2005,Severe Storm(s),6
WV,2007,Severe Storm(s),18
WV,2008,Severe Storm(s),18
WV,2009,Severe Storm(s),11
WV,2010,Flood,5
WV,2010,Severe Storm(s),6
WV,2010,Snow,38
WV,2012,Severe Storm(s),116
WV,2013,Flood,2
WV,2013,Hurricane,73
WV,2014,Chemical,9
WV,2015,Flood,20
WV,2015,Severe Storm(s),47
WV,2016,Flood,18
WV,2017,Severe Storm(s),12
WV,2018,Mud/Landslide,21
WV,2018,Severe Storm(s),7
WV,2019,Flood,5
WV,2020,Biological,110
WV,2021,Flood,7
WV,2021,Severe Ice Storm,5
WY,1963,Flood,1
WY,1977,Drought,4
WY,1978,Flood,12
WY,1979,Tornado,1
WY,1985,Flood,1
WY,1987,Toxic Substances,1
WY,1999,Severe Ice Storm,2
WY,2000,Fire,1
WY,2001,Fire,3
WY,2001,Severe Storm(s),4
WY,2002,Fire,4
WY,2004,Fire,1
WY,2005,Tornado,1
WY,2006,Fire,2
WY,2007,Fire,1
WY,2010,Flood,3
WY,2011,Severe Storm(s),16
WY,2012,Fire,6
WY,2015,Flood,4
WY,2016,Fire,3
WY,2017,Flood,3
WY,2017,Severe Storm(s),1
WY,2018,Fire,2
WY,2020,Biological,48
WY,2020,Fire,3
